Size,Ver1 min,Ver1 mean,Ver1 max,Ver1ô§ min,Ver1ô§ mean,Ver1ô§ max,Ver2-GP min,Ver2-GP mean,Ver2-GP max,Ver2ô§-GP min,Ver2ô§-GP mean,Ver2ô§-GP max,Ver2ô§-GPX min,Ver2ô§-GPX mean,Ver2ô§-GPX max,Ver3ô§-GP min,Ver3ô§-GP mean,Ver3ô§-GP max,Ver3ô§-GPX min,Ver3ô§-GPX mean,Ver3ô§-GPX max
500000,nan,nan,nan,nan,nan,nan,nan,nan,nan,0.8462101000004623,0.8532891000001351,0.8666465999995125,0.8466399000008096,0.8518582333338903,0.8582325999996101,1.1951059000002715,1.2044381333331937,1.2180102999991504,1.1944691999997303,1.1950471999995596,1.1960393999997905
750000,nan,nan,nan,nan,nan,nan,nan,nan,nan,1.1417620000011084,1.1604341666673765,1.1873367999996844,1.1381291999987297,1.1475958333327678,1.163463499999125,1.7466626999994332,1.7499063333325466,1.7523224999986269,1.7489016999988962,1.753100899999481,1.7614749999993364
1000000,nan,nan,nan,nan,nan,nan,nan,nan,nan,1.4522883000008733,1.4549548000001475,1.4572064999993017,1.4528236000005563,1.4557039333340072,1.4595056000016484,2.2286918999998306,2.2368160333329192,2.2491286999993463,2.230063599999994,2.241083766666634,2.261593700000958
1250000,nan,nan,nan,nan,nan,nan,nan,nan,nan,1.7513683999986824,1.7531097999999474,1.7551198000001023,1.744616699999824,1.7507974000000104,1.760452799999257,2.7373305000000983,2.744751466666154,2.7518247999996674,2.737351800000397,2.741624300000088,2.7493728999997984
1500000,nan,nan,nan,nan,nan,nan,nan,nan,nan,2.0810590000000957,2.084754833333136,2.0877459000003,2.0873372000005475,2.0958077000001745,2.104511800000182,3.1983669999990525,3.2054705666663117,3.2161713000004966,3.199977199999921,3.2033765999998045,3.2054380000008678
1750000,nan,nan,nan,nan,nan,nan,nan,nan,nan,2.399445899998682,2.4041009666664954,2.409625500000402,2.3987268000000768,2.40571876666642,2.4151961999996274,3.768343499999901,3.771335066666628,3.7765749000009237,3.768674499999179,3.7700515666668557,3.770946200000253
2000000,nan,nan,nan,nan,nan,nan,nan,nan,nan,2.762413300000844,2.8455511333340837,2.98877100000027,2.7663596000002144,2.847635033333063,2.985067599998729,4.123094599999604,4.256986166666441,4.353129399998579,4.134056599999894,4.270558100000319,4.34269409999979
